dataset,model,accuracy,precision,recall,f1,roc_auc
cleaned,LogisticRegression,0.6,0.5757575757575758,0.5135135135135135,0.5428571428571428,0.697360150848523
cleaned,RandomForest,0.64375,0.6231884057971014,0.581081081081081,0.6013986013986014,0.6799968573224388
augmented,LogisticRegression,0.621875,0.6153846153846154,0.5714285714285714,0.5925925925925926,0.6456736035049289
augmented,RandomForest,0.890625,0.8940397350993378,0.8766233766233766,0.8852459016393442,0.9591026443436083
